{
  "generated_by": "nba_wp.evaluation.evaluate_baselines_and_write",
  "selected_spec_summary": {
    "model_type": "direct_logistic",
    "architecture": "k5_hfa80_hl20",
    "logistic_c": 0.03,
    "pre_march_validation_metrics": {
      "prequential_log_loss": 0.6308892477853701,
      "prequential_brier": 0.21962128964622138,
      "prequential_auc": 0.7073348771647201,
      "prequential_accuracy": 0.6666666666666666,
      "prequential_games": 399
    },
    "folds": []
  },
  "locked_march_test": {
    "n_games": 239,
    "models": {
      "constant_home_rate": {
        "metrics": {
          "log_loss": 0.6805803943893557,
          "brier": 0.24372705003095535,
          "auc": 0.5,
          "accuracy": 0.602510460251046,
          "games": 239,
          "home_win_rate": 0.602510460251046,
          "mean_probability": 0.5374301675977653,
          "correct_games": 144
        },
        "paired_delta_log_loss_selected_minus_this": {
          "mean_delta": -0.1671198390320193,
          "ci_low_2p5": -0.21111303548104646,
          "ci_high_97p5": -0.12212447794210725,
          "repeats": 5000,
          "seed": 2026
        }
      },
      "record_difference_logistic": {
        "metrics": {
          "log_loss": 0.5447019050694818,
          "brier": 0.17996330865931598,
          "auc": 0.8232456140350877,
          "accuracy": 0.7740585774058577,
          "games": 239,
          "home_win_rate": 0.602510460251046,
          "mean_probability": 0.5456634541616311,
          "correct_games": 185
        },
        "paired_delta_log_loss_selected_minus_this": {
          "mean_delta": -0.031241349712145598,
          "ci_low_2p5": -0.04511597137306032,
          "ci_high_97p5": -0.017731884003556114,
          "repeats": 5000,
          "seed": 2026
        }
      },
      "elo_only_logistic": {
        "metrics": {
          "log_loss": 0.5039413734262783,
          "brier": 0.16547918944965062,
          "auc": 0.8241228070175439,
          "accuracy": 0.7656903765690377,
          "games": 239,
          "home_win_rate": 0.602510460251046,
          "mean_probability": 0.5498926532599084,
          "correct_games": 183
        },
        "paired_delta_log_loss_selected_minus_this": {
          "mean_delta": 0.009519181931057863,
          "ci_low_2p5": 0.002057656128329712,
          "ci_high_97p5": 0.016356788745279686,
          "repeats": 5000,
          "seed": 2026
        }
      },
      "three_feature_challenger": {
        "metrics": {
          "log_loss": 0.5059554142967925,
          "brier": 0.16595543804943774,
          "auc": 0.827266081871345,
          "accuracy": 0.7656903765690377,
          "games": 239,
          "home_win_rate": 0.602510460251046,
          "mean_probability": 0.5459794413588421,
          "correct_games": 183
        },
        "paired_delta_log_loss_selected_minus_this": {
          "mean_delta": 0.007505141060543637,
          "ci_low_2p5": 0.002529124836178406,
          "ci_high_97p5": 0.012120868470101912,
          "repeats": 5000,
          "seed": 2026
        }
      },
      "selected_model": {
        "metrics": {
          "log_loss": 0.5134605553573361,
          "brier": 0.16837279109507486,
          "auc": 0.8241228070175439,
          "accuracy": 0.7698744769874477,
          "games": 239,
          "home_win_rate": 0.602510460251046,
          "mean_probability": 0.5479631263712662,
          "correct_games": 184
        }
      }
    },
    "reliability_selected_model": [
      {
        "bin_low": 0.0,
        "bin_high": 0.1,
        "n": 2,
        "mean_prediction": 0.08318997904578807,
        "observed_rate": 0.0
      },
      {
        "bin_low": 0.1,
        "bin_high": 0.2,
        "n": 19,
        "mean_prediction": 0.15865860660501666,
        "observed_rate": 0.05263157894736842
      },
      {
        "bin_low": 0.2,
        "bin_high": 0.30000000000000004,
        "n": 22,
        "mean_prediction": 0.2571837729263907,
        "observed_rate": 0.09090909090909091
      },
      {
        "bin_low": 0.30000000000000004,
        "bin_high": 0.4,
        "n": 19,
        "mean_prediction": 0.34323006675413614,
        "observed_rate": 0.3684210526315789
      },
      {
        "bin_low": 0.4,
        "bin_high": 0.5,
        "n": 34,
        "mean_prediction": 0.4457313859796657,
        "observed_rate": 0.5294117647058824
      },
      {
        "bin_low": 0.5,
        "bin_high": 0.6000000000000001,
        "n": 32,
        "mean_prediction": 0.5509351053394024,
        "observed_rate": 0.78125
      },
      {
        "bin_low": 0.6000000000000001,
        "bin_high": 0.7000000000000001,
        "n": 38,
        "mean_prediction": 0.6579183241882516,
        "observed_rate": 0.7105263157894737
      },
      {
        "bin_low": 0.7000000000000001,
        "bin_high": 0.8,
        "n": 43,
        "mean_prediction": 0.7496579087233448,
        "observed_rate": 0.8837209302325582
      },
      {
        "bin_low": 0.8,
        "bin_high": 0.9,
        "n": 24,
        "mean_prediction": 0.8374620893645573,
        "observed_rate": 0.8333333333333334
      },
      {
        "bin_low": 0.9,
        "bin_high": 1.0,
        "n": 6,
        "mean_prediction": 0.9138020688767158,
        "observed_rate": 1.0
      }
    ],
    "probability_bands_selected_model": [
      {
        "band": "0.00-0.25",
        "n": 28,
        "mean_prediction": 0.17060072276088958,
        "observed_rate": 0.07142857142857142,
        "mean_log_loss": 0.2787242862829126
      },
      {
        "band": "0.25-0.40",
        "n": 34,
        "mean_prediction": 0.31127904467621076,
        "observed_rate": 0.23529411764705882,
        "mean_log_loss": 0.5251504190572981
      },
      {
        "band": "0.40-0.60",
        "n": 66,
        "mean_prediction": 0.4967392499116592,
        "observed_rate": 0.6515151515151515,
        "mean_log_loss": 0.6783896933542153
      },
      {
        "band": "0.60-0.75",
        "n": 59,
        "mean_prediction": 0.6818450692653237,
        "observed_rate": 0.7457627118644068,
        "mean_log_loss": 0.5718126997494261
      },
      {
        "band": "0.75-1.00",
        "n": 52,
        "mean_prediction": 0.8190236512617879,
        "observed_rate": 0.9038461538461539,
        "mean_log_loss": 0.35667325807575606
      }
    ],
    "prob_summary_selected_model": {
      "min": 0.07170783927342966,
      "max": 0.9420741091986079,
      "mean": 0.5479631263712662
    }
  },
  "frozen_april_forecast": {
    "n_games": 96,
    "models": {
      "constant_home_rate": {
        "metrics": {
          "log_loss": 0.6791594355330591,
          "brier": 0.24302600555540002,
          "auc": 0.5,
          "accuracy": 0.59375,
          "games": 96,
          "home_win_rate": 0.59375,
          "mean_probability": 0.5511463844797178,
          "correct_games": 57
        },
        "paired_delta_log_loss_selected_minus_this": {
          "mean_delta": -0.20456269384046302,
          "ci_low_2p5": -0.2532851600778068,
          "ci_high_97p5": -0.16423647686481968,
          "repeats": 5000,
          "seed": 2026
        }
      },
      "record_difference_logistic": {
        "metrics": {
          "log_loss": 0.5114076045851083,
          "brier": 0.16606804572630332,
          "auc": 0.846378767431399,
          "accuracy": 0.78125,
          "games": 96,
          "home_win_rate": 0.59375,
          "mean_probability": 0.5558822699885804,
          "correct_games": 75
        },
        "paired_delta_log_loss_selected_minus_this": {
          "mean_delta": -0.03681086289251223,
          "ci_low_2p5": -0.0560033466931919,
          "ci_high_97p5": -0.01642184989836614,
          "repeats": 5000,
          "seed": 2026
        }
      },
      "elo_only_logistic": {
        "metrics": {
          "log_loss": 0.4643620549388628,
          "brier": 0.15022264375417627,
          "auc": 0.8654970760233919,
          "accuracy": 0.78125,