{
  "generated_by": "nba_wp.evaluation.evaluate_baselines_and_write",
  "selected_spec_summary": {
    "model_type": "direct_logistic",
    "architecture": "k5_hfa80_hl20",
    "logistic_c": 0.1,
    "pre_march_validation_metrics": {
      "prequential_log_loss": 0.6312413674483677,
      "prequential_brier": 0.21946195640204522,
      "prequential_auc": 0.70569875151027,
      "prequential_accuracy": 0.6716791979949874,
      "prequential_games": 399
    },
    "folds": []
  },
  "locked_march_test": {
    "n_games": 239,
    "models": {
      "constant_home_rate": {
        "metrics": {
          "log_loss": 0.6805803943893557,
          "brier": 0.24372705003095535,
          "auc": 0.5,
          "accuracy": 0.602510460251046,
          "games": 239,
          "home_win_rate": 0.602510460251046,
          "mean_probability": 0.5374301675977653,
          "correct_games": 144
        },
        "paired_delta_log_loss_selected_minus_this": {
          "mean_delta": -0.17360431875529692,
          "ci_low_2p5": -0.22149428290730455,
          "ci_high_97p5": -0.12439245357157694,
          "repeats": 5000,
          "seed": 2026
        }
      },
      "record_difference_logistic": {
        "metrics": {
          "log_loss": 0.5447019050694818,
          "brier": 0.17996330865931598,
          "auc": 0.8232456140350877,
          "accuracy": 0.7740585774058577,
          "games": 239,
          "home_win_rate": 0.602510460251046,
          "mean_probability": 0.5456634541616311,
          "correct_games": 185
        },
        "paired_delta_log_loss_selected_minus_this": {
          "mean_delta": -0.03772582943542318,
          "ci_low_2p5": -0.05523812716782175,
          "ci_high_97p5": -0.020308382416850974,
          "repeats": 5000,
          "seed": 2026
        }
      },
      "elo_only_logistic": {
        "metrics": {
          "log_loss": 0.5043743121044226,
          "brier": 0.1654440515736274,
          "auc": 0.8241959064327484,
          "accuracy": 0.7740585774058577,
          "games": 239,
          "home_win_rate": 0.602510460251046,
          "mean_probability": 0.5500963035918561,
          "correct_games": 185
        },
        "paired_delta_log_loss_selected_minus_this": {
          "mean_delta": 0.0026017635296359445,
          "ci_low_2p5": 0.00022451353785643126,
          "ci_high_97p5": 0.004753147161903398,
          "repeats": 5000,
          "seed": 2026
        }
      },
      "three_feature_challenger": {
        "metrics": {
          "log_loss": 0.5065439964359005,
          "brier": 0.16603701284605102,
          "auc": 0.8267543859649122,
          "accuracy": 0.7656903765690377,
          "games": 239,
          "home_win_rate": 0.602510460251046,
          "mean_probability": 0.5462728150534399,
          "correct_games": 183
        },
        "paired_delta_log_loss_selected_minus_this": {
          "mean_delta": 0.0004320791981580525,
          "ci_low_2p5": -0.0034326739159163586,
          "ci_high_97p5": 0.004327138904195646,
          "repeats": 5000,
          "seed": 2026
        }
      },
      "selected_model": {
        "metrics": {
          "log_loss": 0.5069760756340586,
          "brier": 0.16621279706455927,
          "auc": 0.8241959064327484,
          "accuracy": 0.7740585774058577,
          "games": 239,
          "home_win_rate": 0.602510460251046,
          "mean_probability": 0.5494650944397667,
          "correct_games": 185
        }
      }
    },
    "reliability_selected_model": [
      {
        "bin_low": 0.0,
        "bin_high": 0.1,
        "n": 6,
        "mean_prediction": 0.08282818407305574,
        "observed_rate": 0.0
      },
      {
        "bin_low": 0.1,
        "bin_high": 0.2,
        "n": 17,
        "mean_prediction": 0.14632156167724383,
        "observed_rate": 0.058823529411764705
      },
      {
        "bin_low": 0.2,
        "bin_high": 0.30000000000000004,
        "n": 27,
        "mean_prediction": 0.2516124309688711,
        "observed_rate": 0.1111111111111111
      },
      {
        "bin_low": 0.30000000000000004,
        "bin_high": 0.4,
        "n": 17,
        "mean_prediction": 0.35909208647508795,
        "observed_rate": 0.5294117647058824
      },
      {
        "bin_low": 0.4,
        "bin_high": 0.5,
        "n": 28,
        "mean_prediction": 0.4426344405039222,
        "observed_rate": 0.5
      },
      {
        "bin_low": 0.5,
        "bin_high": 0.6000000000000001,
        "n": 33,
        "mean_prediction": 0.551765249876562,
        "observed_rate": 0.7878787878787878
      },
      {
        "bin_low": 0.6000000000000001,
        "bin_high": 0.7000000000000001,
        "n": 31,
        "mean_prediction": 0.6614864803321532,
        "observed_rate": 0.6774193548387096
      },
      {
        "bin_low": 0.7000000000000001,
        "bin_high": 0.8,
        "n": 41,
        "mean_prediction": 0.7511121058512823,
        "observed_rate": 0.8536585365853658
      },
      {
        "bin_low": 0.8,
        "bin_high": 0.9,
        "n": 31,
        "mean_prediction": 0.8425536808177525,
        "observed_rate": 0.9032258064516129
      },
      {
        "bin_low": 0.9,
        "bin_high": 1.0,
        "n": 8,
        "mean_prediction": 0.927095237041344,
        "observed_rate": 0.875
      }
    ],
    "probability_bands_selected_model": [
      {
        "band": "0.00-0.25",
        "n": 36,
        "mean_prediction": 0.16492395218673186,
        "observed_rate": 0.08333333333333333,
        "mean_log_loss": 0.29507215626456335
      },
      {
        "band": "0.25-0.40",
        "n": 31,
        "mean_prediction": 0.3208153058214564,
        "observed_rate": 0.3225806451612903,
        "mean_log_loss": 0.5777807257668913
      },
      {
        "band": "0.40-0.60",
        "n": 61,
        "mean_prediction": 0.5016724193448585,
        "observed_rate": 0.6557377049180327,
        "mean_log_loss": 0.6706418396069715
      },
      {
        "band": "0.60-0.75",
        "n": 50,
        "mean_prediction": 0.6854250995436695,
        "observed_rate": 0.74,
        "mean_log_loss": 0.5753342059044865
      },
      {
        "band": "0.75-1.00",
        "n": 61,
        "mean_prediction": 0.8289565287655233,
        "observed_rate": 0.8852459016393442,
        "mean_log_loss": 0.3763544170654511
      }
    ],
    "prob_summary_selected_model": {
      "min": 0.055393857388818364,
      "max": 0.9573477136371839,
      "mean": 0.5494650944397667
    }
  },
  "frozen_april_forecast": {
    "n_games": 96,
    "models": {
      "constant_home_rate": {
        "metrics": {
          "log_loss": 0.6791594355330591,
          "brier": 0.24302600555540002,
          "auc": 0.5,
          "accuracy": 0.59375,
          "games": 96,
          "home_win_rate": 0.59375,
          "mean_probability": 0.5511463844797178,
          "correct_games": 57
        },
        "paired_delta_log_loss_selected_minus_this": {
          "mean_delta": -0.21282850461034508,
          "ci_low_2p5": -0.265551859664918,
          "ci_high_97p5": -0.16965359508609779,
          "repeats": 5000,
          "seed": 2026
        }
      },
      "record_difference_logistic": {
        "metrics": {
          "log_loss": 0.5114076045851083,
          "brier": 0.16606804572630332,
          "auc": 0.846378767431399,
          "accuracy": 0.78125,
          "games": 96,
          "home_win_rate": 0.59375,
          "mean_probability": 0.5558822699885804,
          "correct_games": 75
        },
        "paired_delta_log_loss_selected_minus_this": {
          "mean_delta": -0.04507667366239427,
          "ci_low_2p5": -0.0668009898892702,
          "ci_high_97p5": -0.022898621909847316,
          "repeats": 5000,
          "seed": 2026
        }
      },
      "elo_only_logistic": {
        "metrics": {
          "log_loss": 0.4634632807006649,
          "brier": 0.14966128136026194,
          "auc": 0.8650472334682862,
          "accuracy": 0.78125,