{
  "folds": "jan_feb_expanding",
  "architecture": "k10_hl20",
  "mean_validation_log_loss": {
    "elo_C0.01": 0.6391397264725563,
    "elo_C0.03": 0.6313748503636774,
    "elo_C0.1": 0.6307271663400285,
    "elo_C0.3": 0.6313047439169044,
    "elo_C1.0": 0.6316477092193069,
    "elo_C3.0": 0.6317620336421073,
    "elo_C10.0": 0.6318038865795089,
    "elo_bt_C0.01": 0.6355224358514384,
    "elo_bt_C0.03": 0.6315531567013537,
    "elo_bt_C0.1": 0.6308664566758333,
    "elo_bt_C0.3": 0.6314162829435707,
    "elo_bt_C1.0": 0.6325228833710205,
    "elo_bt_C3.0": 0.6331736817785703,
    "elo_bt_C10.0": 0.6334678355287853,
    "elo_bt_trend_C0.01": 0.6361833589957102,
    "elo_bt_trend_C0.03": 0.6323014647443939,
    "elo_bt_trend_C0.1": 0.631875924626764,
    "elo_bt_trend_C0.3": 0.6326022450521169,
    "elo_bt_trend_C1.0": 0.6337717698065115,
    "elo_bt_trend_C3.0": 0.6344330684987404,
    "elo_bt_trend_C10.0": 0.6347290636286459
  }
}