calibration_bin,games,mean_probability,observed_home_win_rate,minimum_probability,maximum_probability
"(0.0672, 0.177]",12,0.14416588983374248,0.08333333333333333,0.06816437655118983,0.1764891950973123
"(0.177, 0.322]",12,0.26776452372881715,0.25,0.17727543757604988,0.3221265620772926
"(0.322, 0.433]",12,0.36495954490607785,0.3333333333333333,0.3226093150369337,0.42308711465627846
"(0.433, 0.575]",12,0.48800349350981476,0.5833333333333334,0.4388971131105017,0.5734261492628454
"(0.575, 0.678]",12,0.6210572082500039,0.8333333333333334,0.5760326086817523,0.6754621111156377
"(0.678, 0.8]",12,0.7365523946417283,0.8333333333333334,0.6823409955116221,0.7954497584848852
"(0.8, 0.881]",12,0.8495948208628388,0.8333333333333334,0.8126261907866559,0.8806177968907718
"(0.881, 0.969]",12,0.917666204768126,1.0,0.8810698431632887,0.9690462970709675
