calibration_bin,games,mean_probability,observed_home_win_rate,minimum_probability,maximum_probability
"(0.0861, 0.205]",12,0.1712487416351596,0.08333333333333333,0.0870958516524063,0.20234013654688077
"(0.205, 0.344]",12,0.28863133914068134,0.25,0.2050914085163896,0.34047637623819
"(0.344, 0.448]",12,0.3812074132966165,0.3333333333333333,0.345057804405105,0.4285807980639886
"(0.448, 0.57]",12,0.49388400478015065,0.5833333333333334,0.4588591679026306,0.5677849244835756
"(0.57, 0.661]",12,0.6124734312070702,0.8333333333333334,0.5716624506072433,0.6556889305846657
"(0.661, 0.782]",12,0.7201807180623564,0.8333333333333334,0.6695517160997602,0.7754425565002063
"(0.782, 0.86]",12,0.830339941653432,0.9166666666666666,0.7997127459413236,0.860030436282486
"(0.86, 0.958]",12,0.8992946234930539,0.9166666666666666,0.8603307050018002,0.9582034649222706
