{
  "method": "paired_date_block_bootstrap",
  "repeats_requested": 1000,
  "repeats_used": 1000,
  "successful_replicates": 1000,
  "seed": 2026,
  "n_dates": 11,
  "comparator_cols": {
    "elo": "elo_component_probability",
    "rank": "rank_component_probability"
  },
  "conditioning_note": "Intervals condition on the locked selected specification; model selection is not re-run inside each bootstrap sample.",
  "metrics": {
    "log_loss": {
      "mean": 0.4683675383468313,
      "p05": 0.4262909900835207,
      "p50": 0.4703111956104613,
      "p95": 0.5051743497686518
    },
    "brier": {
      "mean": 0.1505497463167558,
      "p05": 0.132369409312064,
      "p50": 0.15132697233922382,
      "p95": 0.1663175645149941
    },
    "auc": {
      "mean": 0.8650960234417432,
      "p05": 0.8243807790674799,
      "p50": 0.864393377199492,
      "p95": 0.9090933528836755
    },
    "accuracy": {
      "mean": 0.7722122371063215,
      "p05": 0.7272338772338772,
      "p50": 0.7722772277227723,
      "p95": 0.8214285714285714
    },
    "calibration_intercept_alpha": {
      "mean": 0.29054266566180537,
      "p05": -0.1962341448869058,
      "p50": 0.29023048629182846,
      "p95": 0.7824652192277977
    },
    "calibration_slope_gamma": {
      "mean": 1.529832006278588,
      "p05": 1.1408280061293716,
      "p50": 1.4518360850929573,
      "p95": 2.1742409412902193
    },
    "delta_log_loss_vs_elo": {
      "mean": 0.0023503394196161976,
      "p05": -0.0013644981502156565,
      "p50": 0.002438053889702918,
      "p95": 0.005978558225874828
    },
    "delta_brier_vs_elo": {
      "mean": 0.00035553038258753355,
      "p05": -0.0015178000097200856,
      "p50": 0.00039227140274429584,
      "p95": 0.002146596213200945
    },
    "delta_auc_vs_elo": {
      "mean": -0.005867055923808655,
      "p05": -0.011417391533670601,
      "p50": -0.006055716503477693,
      "p95": 0.0008347701149425444
    },
    "delta_accuracy_vs_elo": {
      "mean": -0.010659204840236533,
      "p05": -0.03749999999999998,
      "p50": -0.010752688172043112,
      "p95": 0.01770701643489256
    },
    "delta_log_loss_vs_rank": {
      "mean": -0.023456679067235954,
      "p05": -0.03334501319849867,
      "p50": -0.023710100682925894,
      "p95": -0.01274637850307811
    },
    "delta_brier_vs_rank": {
      "mean": -0.008157740947738603,
      "p05": -0.012954985101089516,
      "p50": -0.00826071615726899,
      "p95": -0.0029426792454230696
    },
    "delta_auc_vs_rank": {
      "mean": 0.004565025860633451,
      "p05": -0.01259433323444814,
      "p50": 0.005349169401636211,
      "p95": 0.019358986726346707
    },
    "delta_accuracy_vs_rank": {
      "mean": -0.021031782956431794,
      "p05": -0.04764773379231215,
      "p50": -0.01980198019801982,
      "p95": 0.0
    }
  }
}