{
  "method": "paired_date_block_bootstrap",
  "repeats_requested": 1000,
  "repeats_used": 1000,
  "successful_replicates": 1000,
  "seed": 2026,
  "n_dates": 11,
  "comparator_cols": {
    "elo": "elo_component_probability",
    "rank": "rank_component_probability"
  },
  "conditioning_note": "Intervals condition on the locked selected specification; model selection is not re-run inside each bootstrap sample.",
  "metrics": {
    "log_loss": {
      "mean": 0.4734067364491365,
      "p05": 0.430998741016878,
      "p50": 0.47471339116595396,
      "p95": 0.5116211569538363
    },
    "brier": {
      "mean": 0.1524899050313113,
      "p05": 0.13425887843761758,
      "p50": 0.1531588625466691,
      "p95": 0.1693331221647927
    },
    "auc": {
      "mean": 0.867899581737146,
      "p05": 0.8270114586269182,
      "p50": 0.8667599404724475,
      "p95": 0.9132168039503191
    },
    "accuracy": {
      "mean": 0.7829345231441603,
      "p05": 0.7346938775510204,
      "p50": 0.7830188679245284,
      "p95": 0.8314665878178593
    },
    "calibration_intercept_alpha": {
      "mean": 0.28357934172929006,
      "p05": -0.22512063809328792,
      "p50": 0.27720402945883027,
      "p95": 0.8170722822192849
    },
    "calibration_slope_gamma": {
      "mean": 1.638906153174006,
      "p05": 1.2272460023879668,
      "p50": 1.5367190750770185,
      "p95": 2.3637149537282096
    },
    "delta_log_loss_vs_elo": {
      "mean": 0.010442133440498587,
      "p05": 0.004023669667137153,
      "p50": 0.010083341714656024,
      "p95": 0.017728997444382867
    },
    "delta_brier_vs_elo": {
      "mean": 0.002904819810295194,
      "p05": 0.0004362303138574303,
      "p50": 0.002815334033423711,
      "p95": 0.0057743604747618965
    },
    "delta_auc_vs_elo": {
      "mean": 0.0,
      "p05": 0.0,
      "p50": 0.0,
      "p95": 0.0
    },
    "delta_accuracy_vs_elo": {
      "mean": 0.0,
      "p05": 0.0,
      "p50": 0.0,
      "p95": 0.0
    },
    "delta_log_loss_vs_rank": {
      "mean": -0.018417480964930844,
      "p05": -0.031608424701821604,
      "p50": -0.01882808260536309,
      "p95": -0.004649238823328349
    },
    "delta_brier_vs_rank": {
      "mean": -0.006217582233183081,
      "p05": -0.012685314035351742,
      "p50": -0.006358295133246747,
      "p95": 0.0002701201902976324
    },
    "delta_auc_vs_rank": {
      "mean": 0.007368584156036115,
      "p05": -0.011052713657262401,
      "p50": 0.007853283207180928,
      "p95": 0.0245324651574651
    },
    "delta_accuracy_vs_rank": {
      "mean": -0.010309496918592934,
      "p05": -0.04040404040404044,
      "p50": -0.01041666666666663,
      "p95": 0.01980198019801982
    }
  }
}