{
  "method": "paired_date_block_bootstrap",
  "repeats_requested": 1000,
  "repeats_used": 1000,
  "successful_replicates": 1000,
  "seed": 2026,
  "n_dates": 11,
  "comparator_cols": {
    "elo": "elo_component_probability",
    "rank": "rank_component_probability"
  },
  "conditioning_note": "Intervals condition on the locked selected specification; model selection is not re-run inside each bootstrap sample.",
  "metrics": {
    "log_loss": {
      "mean": 0.4650885650507654,
      "p05": 0.420826456337598,
      "p50": 0.4671380725572537,
      "p95": 0.5050084587188217
    },
    "brier": {
      "mean": 0.1498506671883322,
      "p05": 0.1306667586103653,
      "p50": 0.15084482350958617,
      "p95": 0.167264621613984
    },
    "auc": {
      "mean": 0.8674472398650297,
      "p05": 0.8281694347089346,
      "p50": 0.8660620032290114,
      "p95": 0.9114533379334139
    },
    "accuracy": {
      "mean": 0.7829345231441603,
      "p05": 0.7346938775510204,
      "p50": 0.7830188679245284,
      "p95": 0.8314665878178593
    },
    "calibration_intercept_alpha": {
      "mean": 0.310699233906818,
      "p05": -0.19953790745301897,
      "p50": 0.3049409467843719,
      "p95": 0.8405716132619435
    },
    "calibration_slope_gamma": {
      "mean": 1.485536899634232,
      "p05": 1.1130976512542734,
      "p50": 1.3925163450831899,
      "p95": 2.1371020130366474
    },
    "delta_log_loss_vs_elo": {
      "mean": 0.002931686267970016,
      "p05": 0.0009300028531518429,
      "p50": 0.0028295515891560152,
      "p95": 0.005267123036233009
    },
    "delta_brier_vs_elo": {
      "mean": 0.000792290362437792,
      "p05": 7.99559736286846e-06,
      "p50": 0.0007682737805251583,
      "p95": 0.0016967156863261518
    },
    "delta_auc_vs_elo": {
      "mean": 0.0,
      "p05": 0.0,
      "p50": 0.0,
      "p95": 0.0
    },
    "delta_accuracy_vs_elo": {
      "mean": 0.0,
      "p05": 0.0,
      "p50": 0.0,
      "p95": 0.0
    },
    "delta_log_loss_vs_rank": {
      "mean": -0.02673565235790872,
      "p05": -0.04002367774593005,
      "p50": -0.02750041473903786,
      "p95": -0.01221517706345498
    },
    "delta_brier_vs_rank": {
      "mean": -0.008856820074674029,
      "p05": -0.015611212293534084,
      "p50": -0.009064504301238563,
      "p95": -0.001999829997381776
    },
    "delta_auc_vs_rank": {
      "mean": 0.0069162422839198125,
      "p05": -0.013141691861929953,
      "p50": 0.007678701015965184,
      "p95": 0.024950623700623696
    },
    "delta_accuracy_vs_rank": {
      "mean": -0.010309496918592934,
      "p05": -0.04040404040404044,
      "p50": -0.01041666666666663,
      "p95": 0.01980198019801982
    }
  }
}