probability_range,games,mean_prediction,actual_home_win_rate
0.00-0.10,1,0.06816437655118983,0.0
0.10-0.25,15,0.1692797701234782,0.06666666666666667
0.25-0.75,51,0.49024654282165914,0.5882352941176471
0.75-0.90,21,0.8382530503030774,0.8571428571428571
0.90-1.00,8,0.9329900371676485,1.0
