probability_range,games,mean_prediction,actual_home_win_rate
0.00-0.10,1,0.0870958516524063,0.0
0.10-0.25,13,0.1863752019407285,0.07692307692307693
0.25-0.75,55,0.49463883414134796,0.5636363636363636
0.75-0.90,21,0.8342947130265215,0.9047619047619048
0.90-1.00,6,0.9219707051682132,1.0
