stage,model,features,log_loss,brier,auc,accuracy,games,home_win_rate,mean_probability,correct_games,delta_log_loss_vs_constant,delta_brier_vs_constant
B0,Training-period constant home prior,(none),0.6805803943893557,0.24372705003095535,0.5,0.602510460251046,239,0.602510460251046,0.5374301675977653,144,0.0,0.0
B1,Record-only logistic,record_logit_diff,0.5488991592357942,0.1816703492001993,0.8232456140350877,0.7698744769874477,239,0.602510460251046,0.5452429129642005,184,-0.13168123515356145,-0.06205670083075604
B2,Record + cumulative margin,"record_logit_diff, cumulative_margin_diff",0.5520420760252565,0.18308467133687187,0.8216374269005848,0.7866108786610879,239,0.602510460251046,0.5494800409369062,188,-0.12853831836409924,-0.06064237869408348
B3,Elo component,elo_diff,0.5069760756340586,0.16621279706455927,0.8241959064327484,0.7740585774058577,239,0.602510460251046,0.5494650944397667,185,-0.17360431875529714,-0.07751425296639608
B4,Bradley-Terry component,bt_logit,0.536581439427233,0.1772902220486492,0.8267543859649122,0.7531380753138075,239,0.602510460251046,0.5270836117271902,180,-0.14399895496212267,-0.06643682798230616
B5,Bradley-Terry + trend,"bt_logit, trend_diff",0.5326651377844931,0.17564581302622387,0.8301900584795322,0.7656903765690377,239,0.602510460251046,0.5275632761551531,183,-0.1479152566048626,-0.06808123700473148
B6,Rich linear challenger,"record_logit_diff, cumulative_margin_diff, trend_diff, rest_advantage, turnover_advantage_diff, rebound_advantage_diff",0.549756595753048,0.18232199898543808,0.8164473684210526,0.7656903765690377,239,0.602510460251046,0.5494837549104455,183,-0.13082379863630766,-0.06140505104551727
B7,Direct logistic on elo_diff + bt_logit + trend_diff,"elo_diff, bt_logit, trend_diff",0.5030831578263892,0.1649372837194634,0.8263157894736842,0.7698744769874477,239,0.602510460251046,0.5503025912720396,184,-0.17749723656296645,-0.07878976631149195
B8,Blend challenger (if available),elo_diff | bt_logit + trend_diff,0.5244255143026512,0.17243823018987484,0.8297514619883042,0.7740585774058577,239,0.602510460251046,0.5324133978428898,185,-0.15615488008670453,-0.07128881984108051
