{
  "model": "direct L2 logistic on elo_diff",
  "model_type": "direct_logistic",
  "selected_spec": {
    "architecture": {
      "name": "k5_hfa80_hl20",
      "elo_k": 5.0,
      "elo_hfa": 80.0,
      "elo_mov": "log",
      "bt_c": 0.15,
      "trend_half_life_days": 20.0,
      "trend_short_games": 10,
      "elo_model_c": 1.0,
      "rank_model_c": 0.1
    },
    "logistic_c": 0.1,
    "calibration": {
      "elo_weight": 0.0,
      "temperature": 1.0,
      "shift": 0.0,
      "method": "none"
    },
    "platt_calibration": null
  },
  "primary_april_result": {
    "information_policy": "frozen_snapshot",
    "cutoff": "2026-03-31",
    "metrics": {
      "log_loss": 0.466330930922714,
      "brier": 0.15042958729683248,
      "auc": 0.8650472334682862,
      "accuracy": 0.78125,
      "games": 96,
      "home_win_rate": 0.59375,
      "mean_probability": 0.5487205100626437,
      "correct_games": 75
    },
    "note": "Primary assignment result: April games scored from the March 31 performance-state snapshot."
  },
  "locked_march_test": {
    "information_policy": "sequential_daily",
    "metrics": {
      "log_loss": 0.5069760756340586,
      "brier": 0.16621279706455927,
      "auc": 0.8241959064327484,
      "accuracy": 0.7740585774058577,
      "games": 239,
      "home_win_rate": 0.602510460251046,
      "mean_probability": 0.5494650944397667,
      "correct_games": 185
    },
    "correct_games": 185,
    "note": "March is a locked pre-final test after pre-March selection. It is not used for architecture or hyperparameter selection."
  },
  "sequential_daily": {
    "march": {
      "log_loss": 0.5069760756340586,
      "brier": 0.16621279706455927,
      "auc": 0.8241959064327484,
      "accuracy": 0.7740585774058577,
      "games": 239,
      "home_win_rate": 0.602510460251046,
      "mean_probability": 0.5494650944397667,
      "correct_games": 185
    },
    "april": {
      "log_loss": 0.46548518389315224,
      "brier": 0.15021997648346908,
      "auc": 0.8636977058029689,
      "accuracy": 0.7916666666666666,
      "games": 96,
      "home_win_rate": 0.59375,
      "mean_probability": 0.5519836566929953,
      "correct_games": 76
    }
  },
  "frozen_snapshot": {
    "march": {
      "log_loss": 0.5173392581644687,
      "brier": 0.17024293556381667,
      "auc": 0.8217836257309941,
      "accuracy": 0.7573221757322176,
      "games": 239,
      "home_win_rate": 0.602510460251046,
      "mean_probability": 0.5470706797673431,
      "correct_games": 181
    },
    "april": {
      "log_loss": 0.466330930922714,
      "brier": 0.15042958729683248,
      "auc": 0.8650472334682862,
      "accuracy": 0.78125,
      "games": 96,
      "home_win_rate": 0.59375,
      "mean_probability": 0.5487205100626437,
      "correct_games": 75
    }
  },
  "information_policy_note": "Frozen March 31 April scoring is the primary assignment result. Sequential daily April scoring is an operational sensitivity analysis.",
  "april_status": "April is the assignment's retrospective scoring period. The executable selection pipeline uses zero April rows, but April had previously been viewed during the broader project, so it is not claimed as a pristine untouched holdout."
}