calibration_bin,games,mean_probability,observed_home_win_rate,minimum_probability,maximum_probability
"(0.0544, 0.232]",30,0.1501007028412132,0.06666666666666667,0.055393857388818364,0.23113005928902958
"(0.232, 0.376]",30,0.28902963925728076,0.2,0.2328334626010033,0.37646747960832516
"(0.376, 0.482]",30,0.4219327552249271,0.5666666666666667,0.37649109806622755,0.4822443318510088
"(0.482, 0.578]",30,0.5311076504197056,0.7333333333333333,0.4824987623996547,0.5776169794357482
"(0.578, 0.686]",29,0.6311283927973257,0.6896551724137931,0.5809867469194269,0.6835879843264918
"(0.686, 0.751]",30,0.7146049291940763,0.8,0.6873044448968881,0.7501843828311999
"(0.751, 0.818]",30,0.7857694586314022,0.9,0.7520860820650475,0.8163171909355615
"(0.818, 0.957]",30,0.8747693370974552,0.8666666666666667,0.821820347840744,0.9573477136371839
