feature,repeats,baseline_log_loss,mean_log_loss_increase,std_log_loss_increase,p05_log_loss_increase,p95_log_loss_increase
elo_diff,100,0.510286566025754,0.22853042306051274,0.03252856292428617,0.1736573203443513,0.2800265659480401
bt_logit,100,0.510286566025754,0.011513644697310182,0.004184167255226287,0.005199749532153486,0.019305425481989585
trend_diff,100,0.510286566025754,0.001184680380618578,0.0011197083863557136,-0.0005866501797920531,0.0029383046619746445
