feature,repeats,baseline_log_loss,mean_log_loss_increase,std_log_loss_increase,p05_log_loss_increase,p95_log_loss_increase
elo_diff,100,0.5134605553573361,0.2859316101277297,0.03732273026576596,0.22467955443458298,0.3420307313169146
