{
  "march": {
    "log_loss": 0.509645,
    "brier": 0.167618,
    "auc": 0.831798,
    "accuracy": 0.7782
  },
  "april": {
    "log_loss": 0.468596,
    "brier": 0.150628,
    "auc": 0.868196,
    "accuracy": 0.8125
  }
}