calibration_bin,games,mean_probability,observed_home_win_rate,minimum_probability,maximum_probability
"(0.0424, 0.161]",12,0.10677353996231535,0.08333333333333333,0.0433743097330769,0.15521278484614984
"(0.161, 0.315]",12,0.25132557623679525,0.25,0.16216873090859066,0.3148700523629269
"(0.315, 0.479]",12,0.37497141862511074,0.25,0.31531320309338035,0.4598149962384334
"(0.479, 0.688]",12,0.5758552385111466,0.6666666666666666,0.4901627873124405,0.6762849471654273
"(0.688, 0.806]",12,0.7612166596052682,0.9166666666666666,0.6989845079448376,0.8056925178553253
"(0.806, 0.889]",12,0.8432364152052884,0.75,0.8077225350253693,0.8886776131156467
"(0.889, 0.961]",12,0.9376857562658815,0.8333333333333334,0.8903877047544823,0.9600845232686396
"(0.961, 0.995]",12,0.9783068685961936,1.0,0.9659383489185912,0.995174428769741
