calibration_bin,games,mean_probability,observed_home_win_rate,minimum_probability,maximum_probability
"(0.0382, 0.147]",12,0.09934983319462137,0.08333333333333333,0.03920528717268441,0.14397170273859464
"(0.147, 0.317]",12,0.24011242865307106,0.25,0.1479437243411642,0.30883834936849314
"(0.317, 0.47]",12,0.3657543892096868,0.25,0.32024778738942894,0.4531935781094991
"(0.47, 0.677]",12,0.5839457007731221,0.75,0.4807311525727349,0.669986468490253
"(0.677, 0.819]",12,0.7672223777926397,0.9166666666666666,0.6840264441711593,0.8181992894020005
"(0.819, 0.905]",12,0.8536697131522102,0.6666666666666666,0.8207472852610564,0.9022727494277649
"(0.905, 0.966]",12,0.9451284674896119,0.9166666666666666,0.9140765609904064,0.9657816460398013
"(0.966, 0.996]",12,0.9813523903134317,0.9166666666666666,0.9677950661165085,0.9962367277250014
