calibration_bin,games,mean_probability,observed_home_win_rate,minimum_probability,maximum_probability
"(0.0424, 0.161]",12,0.10677353996535317,0.08333333333333333,0.04337430971401325,0.15521278461507038
"(0.161, 0.315]",12,0.25132557563442653,0.25,0.1621687307298532,0.31487005236995375
"(0.315, 0.479]",12,0.3749714182634036,0.25,0.31531320285571457,0.45981499623432276
"(0.479, 0.688]",12,0.5758552397727247,0.6666666666666666,0.49016278783162825,0.67628494732999
"(0.688, 0.806]",12,0.7612166587804367,0.9166666666666666,0.6989845080587752,0.8056925179327044
"(0.806, 0.889]",12,0.8432364153102346,0.75,0.80772253495821,0.8886776135264246
"(0.889, 0.961]",12,0.9376857563147648,0.8333333333333334,0.8903877047939918,0.9600845233830416
"(0.961, 0.995]",12,0.978306868634795,1.0,0.9659383489083498,0.9951744287840234
