calibration_bin,games,mean_probability,observed_home_win_rate,minimum_probability,maximum_probability
"(0.0679, 0.181]",12,0.13761193690188733,0.08333333333333333,0.06888512025386472,0.17408987812508886
"(0.181, 0.313]",12,0.2648487556574253,0.25,0.18203350509959443,0.3123585553181111
"(0.313, 0.442]",12,0.3684909510578342,0.3333333333333333,0.3136392450690376,0.4269996366261997
"(0.442, 0.558]",12,0.48574609578728456,0.5833333333333334,0.4515313893542951,0.5449687991073063
"(0.558, 0.694]",12,0.6244373546099385,0.8333333333333334,0.5710726952999433,0.6935065690561021
"(0.694, 0.794]",12,0.7398190904287927,0.8333333333333334,0.695007900338144,0.7927325715131631
"(0.794, 0.88]",12,0.8501338252198659,0.8333333333333334,0.797027630203756,0.8794626912506766
"(0.88, 0.97]",12,0.9213578656254738,1.0,0.8808385107848671,0.9702786299888881
