component,feature,standardized_coefficient,training_mean,training_scale,raw_unit_coefficient
elo,elo_diff,0.9218271373727914,0.19216844233302627,0.31575547366290474,2.919433594227787
elo,(intercept),0.2415129902516075,,,
rank,bt_logit,0.8037364852629106,0.25373418710198764,0.5323095845410799,1.5099042147735062
rank,trend_diff,0.14417900438310513,0.027148073138065852,4.806711766856061,0.02999535053823472
rank,(intercept),0.23352102216090073,,,
