stage,model,features,log_loss,brier,auc,accuracy,games,home_win_rate,mean_probability,delta_log_loss_vs_constant,delta_brier_vs_constant
B0,Training-period constant home prior,(none),0.6805803943893557,0.24372705003095535,0.5,0.602510460251046,239,0.602510460251046,0.5374301675977653,0.0,0.0
B1,Record-only logistic,record_logit_diff,0.5488991592357942,0.1816703492001993,0.8232456140350877,0.7698744769874477,239,0.602510460251046,0.5452429129642005,-0.13168123515356145,-0.06205670083075604
B2,Record + cumulative margin,"record_logit_diff, cumulative_margin_diff",0.5520420760252565,0.18308467133687187,0.8216374269005848,0.7866108786610879,239,0.602510460251046,0.5494800409369062,-0.12853831836409924,-0.06064237869408348
B3,Elo component,elo_diff,0.5123814090530006,0.1677731982244282,0.8226608187134503,0.7740585774058577,239,0.602510460251046,0.5502598854810706,-0.16819898533635513,-0.07595385180652714
B4,Bradley-Terry component,bt_logit,0.536581439427233,0.1772902220486492,0.8267543859649122,0.7531380753138075,239,0.602510460251046,0.5270836117271902,-0.14399895496212267,-0.06643682798230616
B5,Bradley-Terry + trend,"bt_logit, trend_diff",0.5291287695685651,0.17418630570066843,0.8323830409356725,0.7656903765690377,239,0.602510460251046,0.52821719105131,-0.15145162482079055,-0.06954074433028692
B6,Rich linear challenger,"record_logit_diff, cumulative_margin_diff, trend_diff, rest_advantage, turnover_advantage_diff, rebound_advantage_diff",0.5472338478800068,0.18123798400244617,0.8190058479532164,0.7573221757322176,239,0.602510460251046,0.5499394786460622,-0.13334654650934885,-0.06248906602850918
B7,Selected logistic-stacked Elo + BT/trend blend,elo_diff | bt_logit + trend_diff,0.5083729200619467,0.16485364885586673,0.8300438596491228,0.7698744769874477,239,0.602510460251046,0.6025104639711694,-0.17220747432740902,-0.07887340117508862
