{
  "model": "elo_only: logistic on Elo rating differential",
  "model_family": "elo_only",
  "champion": "elo_only",
  "selected_spec": {
    "architecture": {
      "name": "conservative",
      "elo_k": 7.5,
      "elo_hfa": 55.0,
      "elo_mov": "log",
      "bt_c": 0.1,
      "trend_half_life_days": 60.0,
      "trend_short_games": 12,
      "elo_model_c": 10.0,
      "rank_model_c": 0.1
    },
    "elo_model": {
      "method": "logistic_on_elo_diff",
      "feature": "elo_diff",
      "standardized_coefficient": 0.9271823509706777,
      "intercept": 0.24154288785472908,
      "training_mean": 0.14081468771906555,
      "training_scale": 0.2690252333909796,
      "raw_unit_coefficient": 3.4464512465385932,
      "C": 10.0,
      "note": "Deployed champion is Elo-only: p = sigmoid(intercept + coef * z(elo_diff)) where z standardizes elo_diff by the training mean/scale. The Elo + rank blend was rejected by the nested rolling-origin audit (worse out-of-sample log loss and Brier)."
    }
  },
  "primary_april_policy": "frozen_pre_april",
  "primary_holdout": {
    "april": {
      "log_loss": 0.4643691817614744,
      "brier": 0.1497704237800124,
      "auc": 0.8668466036887089,
      "accuracy": 0.78125,
      "games": 96,
      "home_win_rate": 0.59375,
      "mean_probability": 0.5490557344110628
    }
  },
  "sequential_daily": {
    "march": {
      "log_loss": 0.5065900312308793,
      "brier": 0.16588048136759967,
      "auc": 0.8233918128654971,
      "accuracy": 0.7698744769874477,
      "games": 239,
      "home_win_rate": 0.602510460251046,
      "mean_probability": 0.5505220907760472
    },
    "april": {
      "log_loss": 0.4643691817614744,
      "brier": 0.1497704237800124,
      "auc": 0.8668466036887089,
      "accuracy": 0.78125,
      "games": 96,
      "home_win_rate": 0.59375,
      "mean_probability": 0.5490557344110628
    }
  },
  "sequential_daily_backtest": {
    "march": {
      "log_loss": 0.5065900312308793,
      "brier": 0.16588048136759967,
      "auc": 0.8233918128654971,
      "accuracy": 0.7698744769874477,
      "games": 239,
      "home_win_rate": 0.602510460251046,
      "mean_probability": 0.5505220907760472
    },
    "april": {
      "log_loss": 0.4646482352319922,
      "brier": 0.14991370530000617,
      "auc": 0.8663967611336033,
      "accuracy": 0.78125,
      "games": 96,
      "home_win_rate": 0.59375,
      "mean_probability": 0.552190753974212
    }
  },
  "frozen_snapshot_sensitivity": {
    "march": {
      "log_loss": 0.515890880059063,
      "brier": 0.16961565175027593,
      "auc": 0.820906432748538,
      "accuracy": 0.7615062761506276,
      "games": 239,
      "home_win_rate": 0.602510460251046,
      "mean_probability": 0.548356136462854
    },
    "april": {
      "log_loss": 0.4643691817614744,
      "brier": 0.1497704237800124,
      "auc": 0.8668466036887089,
      "accuracy": 0.78125,
      "games": 96,
      "home_win_rate": 0.59375,
      "mean_probability": 0.5490557344110628
    }
  },
  "rejected_challenger_blend": {
    "april_frozen": {
      "log_loss": 0.46872525088743494,
      "brier": 0.1504654688310412,
      "auc": 0.8641475483580747,
      "accuracy": 0.8125,
      "games": 96,
      "home_win_rate": 0.59375,
      "mean_probability": 0.609476664686819
    },
    "note": "Blend shown for transparency only; rejected by the nested rolling-origin audit (worse out-of-sample than Elo-only)."
  },
  "information_policy_note": "Champion is Elo-only. Primary April output is frozen_pre_april: performance state is frozen at 2026-03-31 and the Elo probability map is fit on all rows through March 31. april_predictions_sequential_backtest.csv is a live-update simulation only. March is used for architecture selection and is in-sample for selection; the honest out-of-sample evidence is the nested audit (artifacts/nested_*_summary.json)."
}