{
  "model": "logistic-stacked blend: Elo + Bradley-Terry/recent-trend",
  "selected_spec": {
    "architecture": {
      "name": "hfa_75",
      "elo_k": 10.0,
      "elo_hfa": 75.0,
      "elo_mov": "log",
      "bt_c": 0.15,
      "trend_half_life_days": 45.0,
      "trend_short_games": 10,
      "elo_model_c": 100.0,
      "rank_model_c": 0.1
    },
    "calibration": {
      "method": "logistic_stack",
      "coef_elo_logit": 0.5795901386714818,
      "coef_rank_logit": 0.9837561153917409,
      "intercept": 0.31535451734572173,
      "note": "blend fitted by penalized maximum likelihood (logistic stacking); equivalent to the (w, T, s) parameterization via w=a/(a+b), T=1/(a+b), s=c"
    }
  },
  "sequential_daily": {
    "march": {
      "log_loss": 0.488028662122789,
      "brier": 0.15714820756609457,
      "auc": 0.8303362573099415,
      "accuracy": 0.7866108786610879,
      "games": 239,
      "home_win_rate": 0.602510460251046,
      "mean_probability": 0.6025104602046744
    },
    "april": {
      "log_loss": 0.4587173023013022,
      "brier": 0.14499470458306105,
      "auc": 0.8533513270355376,
      "accuracy": 0.8229166666666666,
      "games": 96,
      "home_win_rate": 0.59375,
      "mean_probability": 0.6036714341259999
    }
  },
  "frozen_snapshot_sensitivity": {
    "march": {
      "log_loss": 0.4967656344688253,
      "brier": 0.16205339109628664,
      "auc": 0.8230263157894736,
      "accuracy": 0.7573221757322176,
      "games": 239,
      "home_win_rate": 0.602510460251046,
      "mean_probability": 0.5990993121652941
    },
    "april": {
      "log_loss": 0.45472759062545665,
      "brier": 0.14449842177402714,
      "auc": 0.8636977058029689,
      "accuracy": 0.8020833333333334,
      "games": 96,
      "home_win_rate": 0.59375,
      "mean_probability": 0.6035087189193216
    }
  },
  "information_policy_note": "sequential_daily updates team-performance state after each completed date. frozen_snapshot holds performance state fixed at month start."
}