calibration_bin,games,mean_probability,observed_home_win_rate,minimum_probability,maximum_probability
"(0.0277, 0.205]",30,0.11708197954464336,0.06666666666666667,0.028714193285091456,0.20168556817073352
"(0.205, 0.375]",30,0.28611515775171625,0.23333333333333334,0.20643768239452012,0.37467108486748113
"(0.375, 0.532]",30,0.447916417958702,0.4666666666666667,0.37532792118348546,0.5312092695107091
"(0.532, 0.651]",30,0.5926026210422305,0.7333333333333333,0.5341669152611187,0.6513166284159939
"(0.651, 0.763]",29,0.7127589506994035,0.7931034482758621,0.6581111819361277,0.7630661131899705
"(0.763, 0.857]",30,0.8160151409036723,0.7333333333333333,0.7636162799343744,0.8566841821560367
"(0.857, 0.918]",30,0.8895480213806175,0.9333333333333333,0.857931489550619,0.9179694115758399
"(0.918, 0.991]",30,0.9495121488391127,0.8666666666666667,0.9190146531135225,0.9911513484803944
