calibration_bin,games,mean_probability,observed_home_win_rate,minimum_probability,maximum_probability
"(0.11699999999999999, 0.336]",30,0.23917750213346078,0.06666666666666667,0.11763006165388333,0.32922901000383115
"(0.336, 0.46]",30,0.3942428883234974,0.23333333333333334,0.33778273239299034,0.4562457863767605
"(0.46, 0.552]",30,0.5042317630444199,0.4666666666666667,0.4636256522472747,0.55150459043847
"(0.552, 0.63]",30,0.593470192958399,0.7333333333333333,0.5515414952239212,0.6299155687467938
"(0.63, 0.707]",29,0.667744956469491,0.7931034482758621,0.6321730344780288,0.7021851247372322
"(0.707, 0.776]",30,0.742130758267036,0.7333333333333333,0.7080287378645485,0.7759345769848627
"(0.776, 0.835]",30,0.8045763572452178,0.9333333333333333,0.776390877271971,0.8345150220113434
"(0.835, 0.954]",30,0.8766837764111111,0.8666666666666667,0.836771617210984,0.9539439945383228
