calibration_bin,games,mean_probability,observed_home_win_rate,minimum_probability,maximum_probability
"(0.030600000000000002, 0.217]",30,0.1219958050266058,0.06666666666666667,0.0315981464367456,0.21651436534598495
"(0.217, 0.384]",30,0.291515549882412,0.23333333333333334,0.21688785805163951,0.37895213246673
"(0.384, 0.529]",30,0.45544856834722236,0.5,0.3899860841174882,0.5258534992207502
"(0.529, 0.655]",30,0.5993194212985902,0.7,0.5377420617196047,0.6550501274442975
"(0.655, 0.768]",29,0.7117926782239048,0.7931034482758621,0.6568567022114197,0.7660661638480478
"(0.768, 0.853]",30,0.8139766639796502,0.7333333333333333,0.7682625669342888,0.8515525267663486
"(0.853, 0.911]",30,0.8840041822585867,0.9333333333333333,0.8534992582406902,0.9102882148170723
"(0.911, 0.99]",30,0.9456735532210636,0.8666666666666667,0.9129085574994243,0.9899452254411687
