calibration_bin,games,mean_probability,observed_home_win_rate,minimum_probability,maximum_probability
"(0.030600000000000002, 0.217]",30,0.12199580502327398,0.06666666666666667,0.031598146299356776,0.21651436523090398
"(0.217, 0.384]",30,0.2915155498024747,0.23333333333333334,0.21688785802196617,0.37895213221649376
"(0.384, 0.529]",30,0.4554485683040127,0.5,0.38998608414266756,0.5258534994225641
"(0.529, 0.655]",30,0.5993194212811289,0.7,0.5377420619512855,0.6550501273883033
"(0.655, 0.768]",29,0.7117926781534245,0.7931034482758621,0.6568567021975701,0.7660661636688425
"(0.768, 0.853]",30,0.8139766640923457,0.7333333333333333,0.7682625668976024,0.8515525269092898
"(0.853, 0.911]",30,0.8840041823055113,0.9333333333333333,0.8534992580310375,0.9102882149502344
"(0.911, 0.99]",30,0.945673553273515,0.8666666666666667,0.912908557616606,0.9899452255308226
