architecture,elo_k,elo_hfa,elo_mov,bt_c,trend_half_life_days,trend_short_games,elo_model_c,rank_model_c,coef_elo_logit,coef_rank_logit,intercept,log_loss,brier,auc,accuracy
hfa_75,10.0,75.0,log,0.15,45.0,10,100.0,0.1,0.5795901348781234,0.9837561206667516,0.31535451800901687,0.48802866204106454,0.15714820753837705,0.8303362573099415,0.7866108786610879
balanced,10.0,65.0,log,0.15,45.0,10,100.0,0.1,0.5785539662029466,0.9858153475880673,0.31538302369184873,0.4880543170395453,0.1571396807042941,0.8307017543859649,0.7866108786610879
lower_bt_shrinkage,10.0,65.0,log,0.3,45.0,10,100.0,0.3,0.6032257020189451,0.9885651924019737,0.29554339744143904,0.4881618475189023,0.15714697037792222,0.8303362573099415,0.7824267782426778
conservative,7.5,55.0,log,0.1,60.0,12,10.0,0.1,0.6063608595519732,0.9053263771547372,0.3303077810832376,0.48871457870099416,0.1575992809963101,0.8285818713450293,0.7824267782426778
responsive,15.0,65.0,log,0.25,30.0,8,10.0,0.1,0.6435802055613871,0.9814102664001965,0.28611885559321093,0.4903759546777098,0.15807725649875476,0.8277046783625731,0.7782426778242678
