architecture,elo_k,elo_hfa,elo_mov,bt_c,trend_half_life_days,trend_short_games,elo_model_c,rank_model_c,coef_elo_logit,coef_rank_logit,intercept,log_loss,brier,auc,accuracy
hfa_75,10.0,75.0,log,0.15,45.0,10,100.0,0.1,0.5795901386714818,0.9837561153917409,0.31535451734572173,0.488028662122789,0.15714820756609457,0.8303362573099415,0.7866108786610879
balanced,10.0,65.0,log,0.15,45.0,10,100.0,0.1,0.5785539700107399,0.985815342301309,0.31538302302606697,0.48805431712142555,0.15713968073191908,0.8307017543859649,0.7866108786610879
lower_bt_shrinkage,10.0,65.0,log,0.3,45.0,10,100.0,0.3,0.6032257072903616,0.9885651712526569,0.29554338134297753,0.4881618476059744,0.15714697054131885,0.8303362573099415,0.7824267782426778
conservative,7.5,55.0,log,0.1,60.0,12,10.0,0.1,0.6063608595648003,0.905326377166102,0.3303077810847546,0.48871457870097423,0.15759928099630036,0.8285818713450293,0.7824267782426778
responsive,15.0,65.0,log,0.25,30.0,8,10.0,0.1,0.643580207262081,0.981410270875325,0.2861188545164803,0.49037595466989803,0.1580772564980163,0.8277046783625731,0.7782426778242678
