calibration_bin,games,mean_probability,observed_home_win_rate,minimum_probability,maximum_probability
"(0.0661, 0.252]",30,0.16085870528324356,0.06666666666666667,0.06706118184287925,0.2502009331665861
"(0.252, 0.381]",30,0.30355203954256194,0.23333333333333334,0.25303980360243683,0.38095455683486257
"(0.381, 0.469]",30,0.42014555142629423,0.5,0.38200666883687884,0.46670619447492534
"(0.469, 0.567]",30,0.5258200452265815,0.7333333333333333,0.47428831691876144,0.5666095811958543
"(0.567, 0.678]",29,0.6197895878299199,0.7586206896551724,0.5676169624401204,0.6748473708915753
"(0.678, 0.743]",30,0.7040461816963905,0.7666666666666667,0.6788830578481218,0.7421782593109496
"(0.743, 0.809]",30,0.7764545912134901,0.9,0.7435466145981584,0.8081250772057958
"(0.809, 0.956]",30,0.8645053208991283,0.8666666666666667,0.8112345966113387,0.9556811105549184
