{
  "policy": "frozen_block",
  "pooled_games": 501,
  "pooled_metrics": {
    "constant": {
      "log_loss": 0.6876290884340517,
      "brier": 0.24724431176646852,
      "auc": 0.46303561626142276,
      "accuracy": 0.5568862275449101,
      "mean_probability": 0.5455388295963215
    },
    "elo_only": {
      "log_loss": 0.5317484819450348,
      "brier": 0.1769223921404944,
      "auc": 0.812223513836417,
      "accuracy": 0.7445109780439122,
      "mean_probability": 0.5538697822678739
    },
    "rank_only": {
      "log_loss": 0.5498691659258514,
      "brier": 0.18355433477869068,
      "auc": 0.809672575801608,
      "accuracy": 0.7524950099800399,
      "mean_probability": 0.5371398619483215
    },
    "blend": {
      "log_loss": 0.5482928301507891,
      "brier": 0.18304050418535395,
      "auc": 0.812933901643579,
      "accuracy": 0.7524950099800399,
      "mean_probability": 0.5403403724965253
    }
  },
  "paired_block_bootstrap": {
    "blend_minus_elo": {
      "delta_log_loss_mean": 0.016560675611728064,
      "delta_log_loss_ci_2_5": 0.010063676870575458,
      "delta_log_loss_ci_97_5": 0.02324911995875213,
      "delta_brier_mean": 0.006122280703239612,
      "delta_brier_ci_2_5": 0.0035415500495443583,
      "delta_brier_ci_97_5": 0.008923791658654265,
      "replicates": 4000,
      "replicates_favoring_model_log_loss": 0,
      "replicates_favoring_model_brier": 0,
      "log_loss_statement": "0 of 4000 week-block bootstrap replicates favored the model",
      "brier_statement": "0 of 4000 week-block bootstrap replicates favored the model"
    },
    "elo_minus_constant": {
      "delta_log_loss_mean": -0.15540297223197683,
      "delta_log_loss_ci_2_5": -0.18918174924342648,
      "delta_log_loss_ci_97_5": -0.12162799655916393,
      "delta_brier_mean": -0.07014656904022169,
      "delta_brier_ci_2_5": -0.08405647142262437,
      "delta_brier_ci_97_5": -0.05649234253843343,
      "replicates": 4000,
      "replicates_favoring_model_log_loss": 4000,
      "replicates_favoring_model_brier": 4000,
      "log_loss_statement": "4000 of 4000 week-block bootstrap replicates favored the model",
      "brier_statement": "4000 of 4000 week-block bootstrap replicates favored the model"
    },
    "elo_minus_rank": {
      "delta_log_loss_mean": -0.01807383013971483,
      "delta_log_loss_ci_2_5": -0.029862896250493213,
      "delta_log_loss_ci_97_5": -0.006756444269577404,
      "delta_brier_mean": -0.006630533419520319,
      "delta_brier_ci_2_5": -0.011544095995380907,
      "delta_brier_ci_97_5": -0.0017653649459537374,
      "replicates": 4000,
      "replicates_favoring_model_log_loss": 3998,
      "replicates_favoring_model_brier": 3987,
      "log_loss_statement": "3998 of 4000 week-block bootstrap replicates favored the model",
      "brier_statement": "3987 of 4000 week-block bootstrap replicates favored the model"
    },
    "blend_minus_constant": {
      "delta_log_loss_mean": -0.13914419157495037,
      "delta_log_loss_ci_2_5": -0.1701234063385948,
      "delta_log_loss_ci_97_5": -0.10762633856300509,
      "delta_brier_mean": -0.06412845948743563,
      "delta_brier_ci_2_5": -0.07741088088502253,
      "delta_brier_ci_97_5": -0.05052808888686128,
      "replicates": 4000,
      "replicates_favoring_model_log_loss": 4000,
      "replicates_favoring_model_brier": 4000,
      "log_loss_statement": "4000 of 4000 week-block bootstrap replicates favored the model",
      "brier_statement": "4000 of 4000 week-block bootstrap replicates favored the model"
    }
  },
  "calibration": {
    "constant": {
      "calibration_intercept_alpha": 1.2970142771722268,
      "alpha_ci_2_5": -1.185933507729778,
      "alpha_ci_97_5": 2.670919915214861,
      "calibration_slope_beta": -5.843923355164453,
      "beta_ci_2_5": -13.389664265697874,
      "beta_ci_97_5": 7.162457174342584,
      "ece_10bin": 0.06048165821263245,
      "ece_ci_2_5": 0.04332842317272218,
      "ece_ci_97_5": 0.10172070636394343,
      "mean_forecast": 0.5455388295963215,
      "observed_rate": 0.5568862275449101,
      "reliability_table": [
        {
          "bin": "(0.5358, 0.5374]",
          "games": 109,
          "mean_probability": 0.5366260339563942,
          "observed_home_win_rate": 0.6146788990825688
        },
        {
          "bin": "(0.5374, 0.5443]",
          "games": 50,
          "mean_probability": 0.5443396226415095,
          "observed_home_win_rate": 0.64
        },
        {
          "bin": "(0.5443, 0.5458]",
          "games": 81,
          "mean_probability": 0.5458077246479194,
          "observed_home_win_rate": 0.5308641975308642
        },
        {
          "bin": "(0.5458, 0.5462]",
          "games": 51,
          "mean_probability": 0.5462085308056872,
          "observed_home_win_rate": 0.39215686274509803
        },
        {
          "bin": "(0.5462, 0.5486]",
          "games": 51,
          "mean_probability": 0.5486486486486486,
          "observed_home_win_rate": 0.5490196078431373
        },
        {
          "bin": "(0.5486, 0.5487]",
          "games": 54,
          "mean_probability": 0.5486649440137812,
          "observed_home_win_rate": 0.6296296296296297
        },
        {
          "bin": "(0.5487, 0.5497]",
          "games": 35,
          "mean_probability": 0.5497448979591837,
          "observed_home_win_rate": 0.45714285714285713
        },
        {
          "bin": "(0.5497, 0.5528]",
          "games": 70,
          "mean_probability": 0.5526944934352341,
          "observed_home_win_rate": 0.5571428571428572
        }
      ]
    },
    "elo_only": {
      "calibration_intercept_alpha": -0.05078029191489026,
      "alpha_ci_2_5": -0.3216394559267977,
      "alpha_ci_97_5": 0.21702549691929454,
      "calibration_slope_beta": 1.369671809796255,
      "beta_ci_2_5": 1.2153274698484824,
      "beta_ci_97_5": 1.5668723625870682,
      "ece_10bin": 0.058668702639665664,
      "ece_ci_2_5": 0.05708146935064279,
      "ece_ci_97_5": 0.11897880560681048,
      "mean_forecast": 0.5538697822678739,
      "observed_rate": 0.5568862275449101,
      "reliability_table": [
        {
          "bin": "(0.0631, 0.24]",
          "games": 51,
          "mean_probability": 0.15919886284254978,
          "observed_home_win_rate": 0.0784313725490196
        },
        {
          "bin": "(0.24, 0.344]",
          "games": 50,
          "mean_probability": 0.29672104901618335,
          "observed_home_win_rate": 0.22
        },
        {
          "bin": "(0.344, 0.43]",
          "games": 50,
          "mean_probability": 0.39467622903637545,
          "observed_home_win_rate": 0.32
        },
        {
          "bin": "(0.43, 0.51]",
          "games": 50,
          "mean_probability": 0.46862152538534424,
          "observed_home_win_rate": 0.46
        },
        {
          "bin": "(0.51, 0.569]",
          "games": 50,
          "mean_probability": 0.5420064426028103,
          "observed_home_win_rate": 0.56
        },
        {
          "bin": "(0.569, 0.635]",
          "games": 50,
          "mean_probability": 0.6004908854704069,
          "observed_home_win_rate": 0.7
        },
        {
          "bin": "(0.635, 0.695]",
          "games": 50,
          "mean_probability": 0.6647685751974808,
          "observed_home_win_rate": 0.66
        },
        {
          "bin": "(0.695, 0.761]",
          "games": 50,
          "mean_probability": 0.7316673440440148,
          "observed_home_win_rate": 0.86
        },
        {
          "bin": "(0.761, 0.836]",
          "games": 50,
          "mean_probability": 0.7967927368200908,
          "observed_home_win_rate": 0.86
        },
        {
          "bin": "(0.836, 0.975]",
          "games": 50,
          "mean_probability": 0.8916475906519881,
          "observed_home_win_rate": 0.86
        }
      ]
    },
    "rank_only": {
      "calibration_intercept_alpha": 0.026866410195053127,
      "alpha_ci_2_5": -0.24813719896337494,