{
  "policy": "daily_sequential",
  "pooled_games": 501,
  "pooled_metrics": {
    "constant": {
      "log_loss": 0.6876290884340517,
      "brier": 0.24724431176646852,
      "auc": 0.46303561626142276,
      "accuracy": 0.5568862275449101,
      "mean_probability": 0.5455388295963215
    },
    "elo_only": {
      "log_loss": 0.5319965817675336,
      "brier": 0.1769320232803071,
      "auc": 0.8110691336497787,
      "accuracy": 0.7385229540918163,
      "mean_probability": 0.5537248871021491
    },
    "rank_only": {
      "log_loss": 0.549354088368196,
      "brier": 0.1834529930234415,
      "auc": 0.8077432270980658,
      "accuracy": 0.7445109780439122,
      "mean_probability": 0.5398470280782062
    },
    "blend": {
      "log_loss": 0.54699250509977,
      "brier": 0.18249059574447266,
      "auc": 0.8117956666343762,
      "accuracy": 0.7664670658682635,
      "mean_probability": 0.5409231170589847
    }
  },
  "paired_block_bootstrap": {
    "blend_minus_elo": {
      "delta_log_loss_mean": 0.014912947780836908,
      "delta_log_loss_ci_2_5": 0.0075562056993288135,
      "delta_log_loss_ci_97_5": 0.02203162145407042,
      "delta_brier_mean": 0.005522335949419782,
      "delta_brier_ci_2_5": 0.002529548787367949,
      "delta_brier_ci_97_5": 0.008627644542785069,
      "replicates": 4000,
      "replicates_favoring_model_log_loss": 0,
      "replicates_favoring_model_brier": 0,
      "log_loss_statement": "0 of 4000 week-block bootstrap replicates favored the model",
      "brier_statement": "0 of 4000 week-block bootstrap replicates favored the model"
    },
    "elo_minus_constant": {
      "delta_log_loss_mean": -0.15509681260773725,
      "delta_log_loss_ci_2_5": -0.18904786360520295,
      "delta_log_loss_ci_97_5": -0.12002400756800131,
      "delta_brier_mean": -0.07009638383163304,
      "delta_brier_ci_2_5": -0.08408813370099597,
      "delta_brier_ci_97_5": -0.05610464586320513,
      "replicates": 4000,
      "replicates_favoring_model_log_loss": 4000,
      "replicates_favoring_model_brier": 4000,
      "log_loss_statement": "4000 of 4000 week-block bootstrap replicates favored the model",
      "brier_statement": "4000 of 4000 week-block bootstrap replicates favored the model"
    },
    "elo_minus_rank": {
      "delta_log_loss_mean": -0.01723456798934395,
      "delta_log_loss_ci_2_5": -0.02862549805388807,
      "delta_log_loss_ci_97_5": -0.006001599881471038,
      "delta_brier_mean": -0.006489494215928561,
      "delta_brier_ci_2_5": -0.01110510443432844,
      "delta_brier_ci_97_5": -0.0019119789082435244,
      "replicates": 4000,
      "replicates_favoring_model_log_loss": 3999,
      "replicates_favoring_model_brier": 3995,
      "log_loss_statement": "3999 of 4000 week-block bootstrap replicates favored the model",
      "brier_statement": "3995 of 4000 week-block bootstrap replicates favored the model"
    },
    "blend_minus_constant": {
      "delta_log_loss_mean": -0.14005531939698662,
      "delta_log_loss_ci_2_5": -0.17228948688177753,
      "delta_log_loss_ci_97_5": -0.10962982275582711,
      "delta_brier_mean": -0.06450144741492723,
      "delta_brier_ci_2_5": -0.07825593646718629,
      "delta_brier_ci_97_5": -0.05158901153541573,
      "replicates": 4000,
      "replicates_favoring_model_log_loss": 4000,
      "replicates_favoring_model_brier": 4000,
      "log_loss_statement": "4000 of 4000 week-block bootstrap replicates favored the model",
      "brier_statement": "4000 of 4000 week-block bootstrap replicates favored the model"
    }
  },
  "calibration": {
    "constant": {
      "calibration_intercept_alpha": 1.2970142771722302,
      "alpha_ci_2_5": -1.3307870703317926,
      "alpha_ci_97_5": 2.765882776330488,
      "calibration_slope_beta": -5.8439233551644705,
      "beta_ci_2_5": -13.987283334063843,
      "beta_ci_97_5": 8.089059086966467,
      "ece_10bin": 0.06048165821263245,
      "ece_ci_2_5": 0.043884898317028714,
      "ece_ci_97_5": 0.10199019771413598,
      "mean_forecast": 0.5455388295963215,
      "observed_rate": 0.5568862275449101,
      "reliability_table": [
        {
          "bin": "(0.5358, 0.5374]",
          "games": 109,
          "mean_probability": 0.5366260339563942,
          "observed_home_win_rate": 0.6146788990825688
        },
        {
          "bin": "(0.5374, 0.5443]",
          "games": 50,
          "mean_probability": 0.5443396226415095,
          "observed_home_win_rate": 0.64
        },
        {
          "bin": "(0.5443, 0.5458]",
          "games": 81,
          "mean_probability": 0.5458077246479194,
          "observed_home_win_rate": 0.5308641975308642
        },
        {
          "bin": "(0.5458, 0.5462]",
          "games": 51,
          "mean_probability": 0.5462085308056872,
          "observed_home_win_rate": 0.39215686274509803
        },
        {
          "bin": "(0.5462, 0.5486]",
          "games": 51,
          "mean_probability": 0.5486486486486486,
          "observed_home_win_rate": 0.5490196078431373
        },
        {
          "bin": "(0.5486, 0.5487]",
          "games": 54,
          "mean_probability": 0.5486649440137812,
          "observed_home_win_rate": 0.6296296296296297
        },
        {
          "bin": "(0.5487, 0.5497]",
          "games": 35,
          "mean_probability": 0.5497448979591837,
          "observed_home_win_rate": 0.45714285714285713
        },
        {
          "bin": "(0.5497, 0.5528]",
          "games": 70,
          "mean_probability": 0.5526944934352341,
          "observed_home_win_rate": 0.5571428571428572
        }
      ]
    },
    "elo_only": {
      "calibration_intercept_alpha": -0.03756575587416593,
      "alpha_ci_2_5": -0.2987345911586251,
      "alpha_ci_97_5": 0.21346097558589133,
      "calibration_slope_beta": 1.3189876377780563,
      "beta_ci_2_5": 1.1881893023665795,
      "beta_ci_97_5": 1.4889396306842344,
      "ece_10bin": 0.06333132406108635,
      "ece_ci_2_5": 0.052668625027614595,
      "ece_ci_97_5": 0.10818512293620589,
      "mean_forecast": 0.5537248871021491,
      "observed_rate": 0.5568862275449101,
      "reliability_table": [
        {
          "bin": "(0.0631, 0.241]",
          "games": 51,
          "mean_probability": 0.15742959156446493,
          "observed_home_win_rate": 0.0784313725490196
        },
        {
          "bin": "(0.241, 0.346]",
          "games": 50,
          "mean_probability": 0.2927609825231671,
          "observed_home_win_rate": 0.18
        },
        {
          "bin": "(0.346, 0.422]",
          "games": 50,
          "mean_probability": 0.3903002590688297,
          "observed_home_win_rate": 0.34
        },
        {
          "bin": "(0.422, 0.497]",
          "games": 50,
          "mean_probability": 0.4581975975519974,
          "observed_home_win_rate": 0.5
        },
        {
          "bin": "(0.497, 0.569]",
          "games": 50,
          "mean_probability": 0.5389101430624763,
          "observed_home_win_rate": 0.52
        },
        {
          "bin": "(0.569, 0.632]",
          "games": 50,
          "mean_probability": 0.6002022606889071,
          "observed_home_win_rate": 0.74
        },
        {
          "bin": "(0.632, 0.703]",
          "games": 50,
          "mean_probability": 0.6687979084671829,
          "observed_home_win_rate": 0.68
        },
        {
          "bin": "(0.703, 0.764]",
          "games": 50,
          "mean_probability": 0.7332806981733663,
          "observed_home_win_rate": 0.8
        },
        {
          "bin": "(0.764, 0.851]",
          "games": 50,
          "mean_probability": 0.8063932859542704,
          "observed_home_win_rate": 0.88
        },
        {
          "bin": "(0.851, 0.975]",
          "games": 50,
          "mean_probability": 0.8989020498775819,
          "observed_home_win_rate": 0.86
        }
      ]
    },
    "rank_only": {
      "calibration_intercept_alpha": 0.014912394263513184,
      "alpha_ci_2_5": -0.23688459227492514,