{
  "observed_difference_a_minus_b": -0.019468151935468046,
  "bootstrap_mean": -0.019187363640128588,
  "ci_2_5": -0.042135223388113666,
  "ci_97_5": 0.007473678343180995,
  "probability_a_better_than_b": 0.9385,
  "repeats": 2000
}