{
  "observed_difference_a_minus_b": -0.19255173234829095,
  "bootstrap_mean": -0.192195541469509,
  "ci_2_5": -0.255963495468345,
  "ci_97_5": -0.11953130990196333,
  "probability_a_better_than_b": 1.0,
  "repeats": 2000
}