{
  "observed_difference_a_minus_b": -0.17399036315847619,
  "bootstrap_mean": -0.17394484171865515,
  "ci_2_5": -0.22490980718622527,
  "ci_97_5": -0.11794013414953927,
  "probability_a_better_than_b": 1.0,
  "repeats": 2000
}