{
  "observed_difference_a_minus_b": -0.04110010751387184,
  "bootstrap_mean": -0.0407605477540613,
  "ci_2_5": -0.07387550195715026,
  "ci_97_5": -0.0021426442447266833,
  "probability_a_better_than_b": 0.9815,
  "repeats": 2000
}