feature,repeats,baseline_log_loss,mean_log_loss_increase,std_log_loss_increase,p05_log_loss_increase,p95_log_loss_increase
bt_logit,100,0.5083729200619467,0.0997178042029242,0.01568795398895551,0.0764667840163982,0.12826883013590257
elo_diff,100,0.5083729200619467,0.0631870852301405,0.012788452014600337,0.041375107726178285,0.08281185115111181
trend_diff,100,0.5083729200619467,0.003628310114784884,0.002143241699805234,0.0003951260981759963,0.006776477239891154
