feature,repeats,baseline_log_loss,mean_log_loss_increase,std_log_loss_increase,p05_log_loss_increase,p95_log_loss_increase
bt_logit,100,0.48802866204106454,0.11908878885569112,0.02355451173007995,0.08172407490909134,0.15951538324598458
elo_diff,100,0.48802866204106454,0.07593776375900596,0.020343013966900636,0.04126073006652034,0.1061860709302194
trend_diff,100,0.48802866204106454,0.003928036599704998,0.003218773819133289,-0.0008010031205837514,0.008656361658462874
