feature,repeats,baseline_log_loss,mean_log_loss_increase,std_log_loss_increase,p05_log_loss_increase,p95_log_loss_increase
bt_logit,100,0.48756877187854697,0.23247561364284025,0.03377532282951472,0.183216549130224,0.29311046305380056
elo_diff,100,0.48756877187854697,0.02047883269764574,0.010861308364113666,0.0027493429922329895,0.03777414046779055
trend_diff,100,0.48756877187854697,0.006124193114622443,0.004518796992026479,-0.00044457217568919785,0.012739111369452771
