feature,repeats,baseline_log_loss,mean_log_loss_increase,std_log_loss_increase,p05_log_loss_increase,p95_log_loss_increase
bt_logit,100,0.5061862421611626,0.0906795150778424,0.015189317964317899,0.06756627294329405,0.11778274170994803
elo_diff,100,0.5061862421611626,0.07492979800869146,0.014721699469039206,0.049585989909626225,0.09709180975158654
trend_diff,100,0.5061862421611626,0.0022541317783963143,0.0013236426265548493,0.0001526953868651371,0.004148408532526592
